"filename", "language", "Less", "Markdown", "XML", "CSS", "TypeScript", "TypeScript JSX", "JavaScript", "comment", "blank", "total"
"c:\Learning\sample\synchronous github\MarkdownOL\source\assets\about.md", "Markdown", 0, 61, 0, 0, 0, 0, 0, 0, 17, 78
"c:\Learning\sample\synchronous github\MarkdownOL\source\assets\img\aboutBox关闭.svg", "XML", 0, 0, 1, 0, 0, 0, 0, 0, 0, 1
"c:\Learning\sample\synchronous github\MarkdownOL\source\assets\welcome.md", "Markdown", 0, 42, 0, 0, 0, 0, 0, 0, 17, 59
"c:\Learning\sample\synchronous github\MarkdownOL\source\css\aboutBox.css", "CSS", 0, 0, 0, 53, 0, 0, 0, 4, 7, 64
"c:\Learning\sample\synchronous github\MarkdownOL\source\css\body.less", "Less", 5, 0, 0, 0, 0, 0, 0, 2, 1, 8
"c:\Learning\sample\synchronous github\MarkdownOL\source\css\clueParser.css", "CSS", 0, 0, 0, 177, 0, 0, 0, 9, 8, 194
"c:\Learning\sample\synchronous github\MarkdownOL\source\css\githubMdCss.min.css", "CSS", 0, 0, 0, 1, 0, 0, 0, 0, 0, 1
"c:\Learning\sample\synchronous github\MarkdownOL\source\css\githubMdDark.css", "CSS", 0, 0, 0, 905, 0, 0, 0, 1, 185, 1091
"c:\Learning\sample\synchronous github\MarkdownOL\source\css\githubMdLight.css", "CSS", 0, 0, 0, 875, 0, 0, 0, 0, 161, 1036
"c:\Learning\sample\synchronous github\MarkdownOL\source\css\header.less", "Less", 44, 0, 0, 0, 0, 0, 0, 2, 4, 50
"c:\Learning\sample\synchronous github\MarkdownOL\source\css\hljs.css", "CSS", 0, 0, 0, 1, 0, 0, 0, 8, 0, 9
"c:\Learning\sample\synchronous github\MarkdownOL\source\css\index.less", "Less", 130, 0, 0, 0, 0, 0, 0, 11, 17, 158
"c:\Learning\sample\synchronous github\MarkdownOL\source\css\katex.min.css", "CSS", 0, 0, 0, 1, 0, 0, 0, 0, 0, 1
"c:\Learning\sample\synchronous github\MarkdownOL\source\css\mail.css", "CSS", 0, 0, 0, 1090, 0, 0, 0, 14, 176, 1280
"c:\Learning\sample\synchronous github\MarkdownOL\source\css\print.less", "Less", 28, 0, 0, 0, 0, 0, 0, 7, 3, 38
"c:\Learning\sample\synchronous github\MarkdownOL\source\css\response.less", "Less", 52, 0, 0, 0, 0, 0, 0, 18, 3, 73
"c:\Learning\sample\synchronous github\MarkdownOL\source\js\React\App.tsx", "TypeScript JSX", 0, 0, 0, 0, 0, 46, 0, 1, 5, 52
"c:\Learning\sample\synchronous github\MarkdownOL\source\js\React\Components\Arco\Image.tsx", "TypeScript JSX", 0, 0, 0, 0, 0, 11, 0, 0, 3, 14
"c:\Learning\sample\synchronous github\MarkdownOL\source\js\React\Components\Mui\Gridv2.tsx", "TypeScript JSX", 0, 0, 0, 0, 0, 32, 0, 0, 3, 35
"c:\Learning\sample\synchronous github\MarkdownOL\source\js\React\Components\myCom\CustomButton.tsx", "TypeScript JSX", 0, 0, 0, 0, 0, 36, 0, 41, 2, 79
"c:\Learning\sample\synchronous github\MarkdownOL\source\js\React\Components\myCom\Dialog.tsx", "TypeScript JSX", 0, 0, 0, 0, 0, 31, 0, 9, 4, 44
"c:\Learning\sample\synchronous github\MarkdownOL\source\js\React\Components\myCom\DragBox.tsx", "TypeScript JSX", 0, 0, 0, 0, 0, 47, 0, 0, 9, 56
"c:\Learning\sample\synchronous github\MarkdownOL\source\js\React\Components\myCom\Layout\Box.tsx", "TypeScript JSX", 0, 0, 0, 0, 0, 33, 0, 1, 3, 37
"c:\Learning\sample\synchronous github\MarkdownOL\source\js\React\Components\myCom\Layout\LR.tsx", "TypeScript JSX", 0, 0, 0, 0, 0, 62, 0, 7, 6, 75
"c:\Learning\sample\synchronous github\MarkdownOL\source\js\React\Components\myCom\Layout\TB.tsx", "TypeScript JSX", 0, 0, 0, 0, 0, 65, 0, 7, 6, 78
"c:\Learning\sample\synchronous github\MarkdownOL\source\js\React\Components\myCom\MagicImg.tsx", "TypeScript JSX", 0, 0, 0, 0, 0, 106, 0, 3, 3, 112
"c:\Learning\sample\synchronous github\MarkdownOL\source\js\React\Components\myCom\Modal.tsx", "TypeScript JSX", 0, 0, 0, 0, 0, 22, 0, 0, 2, 24
"c:\Learning\sample\synchronous github\MarkdownOL\source\js\React\Components\myCom\Monaco\monaco.tsx", "TypeScript JSX", 0, 0, 0, 0, 0, 106, 0, 16, 4, 126
"c:\Learning\sample\synchronous github\MarkdownOL\source\js\React\Components\myCom\Select.tsx", "TypeScript JSX", 0, 0, 0, 0, 0, 30, 0, 0, 3, 33
"c:\Learning\sample\synchronous github\MarkdownOL\source\js\React\Components\myCom\StyleMenu.tsx", "TypeScript JSX", 0, 0, 0, 0, 0, 40, 0, 3, 3, 46
"c:\Learning\sample\synchronous github\MarkdownOL\source\js\React\Components\myCom\Switches\SwitchNormal.tsx", "TypeScript JSX", 0, 0, 0, 0, 0, 0, 0, 0, 1, 1
"c:\Learning\sample\synchronous github\MarkdownOL\source\js\React\Components\myCom\Switches\SwitchTheme.tsx", "TypeScript JSX", 0, 0, 0, 0, 0, 54, 0, 0, 2, 56
"c:\Learning\sample\synchronous github\MarkdownOL\source\js\React\Components\myCom\Tooltips.tsx", "TypeScript JSX", 0, 0, 0, 0, 0, 27, 0, 0, 3, 30
"c:\Learning\sample\synchronous github\MarkdownOL\source\js\React\Mobx\Config.ts", "TypeScript", 0, 0, 0, 0, 18, 0, 0, 1, 5, 24
"c:\Learning\sample\synchronous github\MarkdownOL\source\js\React\Mobx\Image.ts", "TypeScript", 0, 0, 0, 0, 18, 0, 0, 1, 5, 24
"c:\Learning\sample\synchronous github\MarkdownOL\source\js\React\Mobx\Theme.ts", "TypeScript", 0, 0, 0, 0, 18, 0, 0, 1, 5, 24
"c:\Learning\sample\synchronous github\MarkdownOL\source\js\React\SubComponents\Body.tsx", "TypeScript JSX", 0, 0, 0, 0, 0, 41, 0, 2, 5, 48
"c:\Learning\sample\synchronous github\MarkdownOL\source\js\React\SubComponents\Header.tsx", "TypeScript JSX", 0, 0, 0, 0, 0, 224, 0, 20, 13, 257
"c:\Learning\sample\synchronous github\MarkdownOL\source\js\React\SubComponents\SubBody\MdArea.tsx", "TypeScript JSX", 0, 0, 0, 0, 0, 9, 0, 1, 1, 11
"c:\Learning\sample\synchronous github\MarkdownOL\source\js\React\SubComponents\SubHeader\Export\Export.tsx", "TypeScript JSX", 0, 0, 0, 0, 0, 171, 0, 16, 8, 195
"c:\Learning\sample\synchronous github\MarkdownOL\source\js\React\SubComponents\SubHeader\Menu.tsx", "TypeScript JSX", 0, 0, 0, 0, 0, 165, 0, 22, 10, 197
"c:\Learning\sample\synchronous github\MarkdownOL\source\js\React\SubComponents\SubHeader\Settings\Settings.tsx", "TypeScript JSX", 0, 0, 0, 0, 0, 33, 0, 45, 2, 80
"c:\Learning\sample\synchronous github\MarkdownOL\source\js\React\SubComponents\SubHeader\Settings\Subsettings\SettingsLeft.tsx", "TypeScript JSX", 0, 0, 0, 0, 0, 118, 0, 0, 6, 124
"c:\Learning\sample\synchronous github\MarkdownOL\source\js\React\SubComponents\SubHeader\Settings\Subsettings\SettingsRight.tsx", "TypeScript JSX", 0, 0, 0, 0, 0, 0, 0, 0, 1, 1
"c:\Learning\sample\synchronous github\MarkdownOL\source\js\React\SubComponents\SubHeader\Settings\Subsettings\SettingsTop.tsx", "TypeScript JSX", 0, 0, 0, 0, 0, 29, 0, 0, 6, 35
"c:\Learning\sample\synchronous github\MarkdownOL\source\js\React\SubComponents\SubHeader\Share\Share.tsx", "TypeScript JSX", 0, 0, 0, 0, 0, 112, 0, 10, 3, 125
"c:\Learning\sample\synchronous github\MarkdownOL\source\js\React\SubComponents\SubHeader\SubImgManager\ImageManager.tsx", "TypeScript JSX", 0, 0, 0, 0, 0, 148, 0, 19, 7, 174
"c:\Learning\sample\synchronous github\MarkdownOL\source\js\React\index.tsx", "TypeScript JSX", 0, 0, 0, 0, 0, 6, 0, 5, 0, 11
"c:\Learning\sample\synchronous github\MarkdownOL\source\js\functions\App\db.js", "JavaScript", 0, 0, 0, 0, 0, 0, 196, 89, 17, 302
"c:\Learning\sample\synchronous github\MarkdownOL\source\js\functions\App\export\domToImg.ts", "TypeScript", 0, 0, 0, 0, 24, 0, 0, 4, 4, 32
"c:\Learning\sample\synchronous github\MarkdownOL\source\js\functions\App\export\exportAsMd.ts", "TypeScript", 0, 0, 0, 0, 11, 0, 0, 4, 3, 18
"c:\Learning\sample\synchronous github\MarkdownOL\source\js\functions\App\export\myPrint.ts", "TypeScript", 0, 0, 0, 0, 9, 0, 0, 1, 2, 12
"c:\Learning\sample\synchronous github\MarkdownOL\source\js\functions\App\qiniu\index.ts", "TypeScript", 0, 0, 0, 0, 0, 0, 0, 23, 1, 24
"c:\Learning\sample\synchronous github\MarkdownOL\source\js\functions\App\regs\regs.ts", "TypeScript", 0, 0, 0, 0, 5, 0, 0, 0, 2, 7
"c:\Learning\sample\synchronous github\MarkdownOL\source\js\functions\App\save.ts", "TypeScript", 0, 0, 0, 0, 35, 0, 0, 11, 2, 48
"c:\Learning\sample\synchronous github\MarkdownOL\source\js\functions\App\script.ts", "TypeScript", 0, 0, 0, 0, 8, 0, 0, 1, 1, 10
"c:\Learning\sample\synchronous github\MarkdownOL\source\js\functions\App\share\CloudMail.ts", "TypeScript", 0, 0, 0, 0, 25, 0, 0, 6, 2, 33
"c:\Learning\sample\synchronous github\MarkdownOL\source\js\functions\App\sound\sound.ts", "TypeScript", 0, 0, 0, 0, 27, 0, 0, 8, 5, 40
"c:\Learning\sample\synchronous github\MarkdownOL\source\js\functions\App\textMemory\memory.ts", "TypeScript", 0, 0, 0, 0, 62, 0, 0, 12, 2, 76
"c:\Learning\sample\synchronous github\MarkdownOL\source\js\functions\App\text\cursor.ts", "TypeScript", 0, 0, 0, 0, 0, 0, 0, 0, 1, 1
"c:\Learning\sample\synchronous github\MarkdownOL\source\js\functions\App\text\getMdText.ts", "TypeScript", 0, 0, 0, 0, 21, 0, 0, 0, 3, 24
"c:\Learning\sample\synchronous github\MarkdownOL\source\js\functions\App\text\getSelection.ts", "TypeScript", 0, 0, 0, 0, 31, 0, 0, 4, 3, 38
"c:\Learning\sample\synchronous github\MarkdownOL\source\js\functions\App\text\insertTextAtCursor.ts", "TypeScript", 0, 0, 0, 0, 96, 0, 0, 4, 7, 107
"c:\Learning\sample\synchronous github\MarkdownOL\source\js\functions\App\text\replaceText.ts", "TypeScript", 0, 0, 0, 0, 48, 0, 0, 10, 4, 62
"c:\Learning\sample\synchronous github\MarkdownOL\source\js\functions\App\theme\change.ts", "TypeScript", 0, 0, 0, 0, 7, 0, 0, 0, 3, 10
"c:\Learning\sample\synchronous github\MarkdownOL\source\js\functions\Events\aboutBox.ts", "TypeScript", 0, 0, 0, 0, 27, 0, 0, 2, 2, 31
"c:\Learning\sample\synchronous github\MarkdownOL\source\js\functions\Events\convert.ts", "TypeScript", 0, 0, 0, 0, 28, 0, 0, 7, 3, 38
"c:\Learning\sample\synchronous github\MarkdownOL\source\js\functions\Events\dragFile.ts", "TypeScript", 0, 0, 0, 0, 79, 0, 0, 9, 2, 90
"c:\Learning\sample\synchronous github\MarkdownOL\source\js\functions\Events\key\fastKey.ts", "TypeScript", 0, 0, 0, 0, 32, 0, 0, 25, 5, 62
"c:\Learning\sample\synchronous github\MarkdownOL\source\js\functions\Events\key\monacoKey.ts", "TypeScript", 0, 0, 0, 0, 42, 0, 0, 11, 3, 56
"c:\Learning\sample\synchronous github\MarkdownOL\source\js\functions\Events\pasteEvent.ts", "TypeScript", 0, 0, 0, 0, 55, 0, 0, 14, 6, 75
"c:\Learning\sample\synchronous github\MarkdownOL\source\js\functions\Init\allInit.ts", "TypeScript", 0, 0, 0, 0, 75, 0, 0, 22, 5, 102
"c:\Learning\sample\synchronous github\MarkdownOL\source\js\functions\Init\blankTextInit.ts", "TypeScript", 0, 0, 0, 0, 24, 0, 0, 4, 1, 29
"c:\Learning\sample\synchronous github\MarkdownOL\source\js\functions\Monaco\format\format.ts", "TypeScript", 0, 0, 0, 0, 26, 0, 0, 12, 2, 40
"c:\Learning\sample\synchronous github\MarkdownOL\source\js\functions\Monaco\snippets\snippets.ts", "TypeScript", 0, 0, 0, 0, 76, 0, 0, 2, 1, 79
"c:\Learning\sample\synchronous github\MarkdownOL\source\js\functions\Parser\VFS.ts", "TypeScript", 0, 0, 0, 0, 26, 0, 0, 6, 2, 34
"c:\Learning\sample\synchronous github\MarkdownOL\source\js\functions\Parser\pageBreaker.ts", "TypeScript", 0, 0, 0, 0, 8, 0, 0, 4, 1, 13
"c:\Learning\sample\synchronous github\MarkdownOL\source\js\functions\Parser\renderer.ts", "TypeScript", 0, 0, 0, 0, 232, 0, 0, 41, 14, 287
"c:\Learning\sample\synchronous github\MarkdownOL\source\js\index.ts", "TypeScript", 0, 0, 0, 0, 179, 0, 0, 72, 13, 264
"c:\Learning\sample\synchronous github\MarkdownOL\source\js\types\app.d.ts", "TypeScript", 0, 0, 0, 0, 22, 0, 0, 51, 2, 75
"c:\Learning\sample\synchronous github\MarkdownOL\source\js\types\index.d.ts", "TypeScript", 0, 0, 0, 0, 124, 0, 0, 5, 15, 144
"c:\Learning\sample\synchronous github\MarkdownOL\source\js\types\type.d.ts", "TypeScript", 0, 0, 0, 0, 41, 0, 0, 1, 10, 52
"Total", "-", 259, 103, 1, 3103, 1559, 1804, 196, 772, 887, 8684